Workbook

Sheet מחירון חודשי
A1: מחירון Stream Line — מודל חודשי בלבד (ללא דמי הקמה)
A2: לעיניי יובל בלבד — מסמך פנימי
A4: השוואה: מודל הקמה+חודשי מול מודל חודשי בלבד
A5: מוצר | B5: הקמה (חד פעמי) | C5: חודשי (מודל נוכחי) | D5: שנתי (מודל נוכחי) | E5: חודשי 12 חודשים | F5: חודשי 18 חודשים | G5: חודשי 24 חודשים
A6: CRM — ניהול בית ספר לשחייה | B6: 18000 | C6: 2000 | D6: =B6+C6*12 -> 42000 | E6: =ROUND(B6/12+C6,0) -> 3500 | F6: =ROUND(B6/18+C6,0) -> 3000 | G6: =ROUND(B6/24+C6,0) -> 2750
A7: PayMe — סליקת תשלומים | B7: 10000 | C7: 600 | D7: =B7+C7*12 -> 17200 | E7: =ROUND(B7/12+C7,0) -> 1433 | F7: =ROUND(B7/18+C7,0) -> 1156 | G7: =ROUND(B7/24+C7,0) -> 1017
A8: WhatsApp Business — תקשורת | B8: 12000 | C8: 1200 | D8: =B8+C8*12 -> 26400 | E8: =ROUND(B8/12+C8,0) -> 2200 | F8: =ROUND(B8/18+C8,0) -> 1867 | G8: =ROUND(B8/24+C8,0) -> 1700
A9: טפסים דיגיטליים | B9: 15000 | C9: 400 | D9: =B9+C9*12 -> 19800 | E9: =ROUND(B9/12+C9,0) -> 1650 | F9: =ROUND(B9/18+C9,0) -> 1233 | G9: =ROUND(B9/24+C9,0) -> 1025
A10: סה"כ | B10: =SUM(B6:B9) -> 55000 | C10: =SUM(C6:C9) -> 4200 | D10: =SUM(D6:D9) -> 105400 | E10: =SUM(E6:E9) -> 8783 | F10: =SUM(F6:F9) -> 7256 | G10: =SUM(G6:G9) -> 6492
A11: עלות שנתית כוללת | B11: — | C11: — | D11: =D10 -> 105400 | E11: =E10*12 -> 105396 | F11: =F10*12 -> 87072 | G11: =G10*12 -> 77904
A12: % ממחזור שנתי (9.3M₪) | B12: — | C12: — | D12: =D11/9305244 -> 0.011326946 | E12: =E11/9305244 -> 0.011326517 | F12: =F11/9305244 -> 0.0093573043 | G12: =G11/9305244 -> 0.0083720534
A14: מדרגות הנחה — מודל חודשי (התחייבות 12 חודשים)
A15: מוצר | B15: מחירון (12 חודש) | C15: הנחה 15% | D15: מחיר אחרי 15% | E15: הנחה 25% | F15: מחיר אחרי 25% | G15: רצפה מוחלטת
A16: CRM — ניהול בית ספר לשחייה | B16: =E6 -> 3500 | C16: =ROUND(B16*0.15,0) -> 525 | D16: =B16-C16 -> 2975 | E16: =ROUND(B16*0.25,0) -> 875 | F16: =B16-E16 -> 2625 | G16: =F16 -> 2625
A17: PayMe — סליקת תשלומים | B17: =E7 -> 1433 | C17: =ROUND(B17*0.15,0) -> 215 | D17: =B17-C17 -> 1218 | E17: =ROUND(B17*0.25,0) -> 358 | F17: =B17-E17 -> 1075 | G17: =F17 -> 1075
A18: WhatsApp Business — תקשורת | B18: =E8 -> 2200 | C18: =ROUND(B18*0.15,0) -> 330 | D18: =B18-C18 -> 1870 | E18: =ROUND(B18*0.25,0) -> 550 | F18: =B18-E18 -> 1650 | G18: =F18 -> 1650
A19: טפסים דיגיטליים | B19: =E9 -> 1650 | C19: =ROUND(B19*0.15,0) -> 248 | D19: =B19-C19 -> 1402 | E19: =ROUND(B19*0.25,0) -> 413 | F19: =B19-E19 -> 1237 | G19: =F19 -> 1237
A20: סה"כ חודשי | B20: =SUM(B16:B19) -> 8783 | C20: =SUM(C16:C19) -> 1318 | D20: =SUM(D16:D19) -> 7465 | E20: =SUM(E16:E19) -> 2196 | F20: =SUM(F16:F19) -> 6587 | G20: =SUM(G16:G19) -> 6587
A21: סה"כ שנתי | B21: =B20*12 -> 105396 | D21: =D20*12 -> 89580 | F21: =F20*12 -> 79044
A23: בונוס: דפי נחיתה (ללא עלות נוספת בהתחייבות שנתית)
A24: דפי נחיתה ממירים | B24: כלול בחבילה | E24: שווי שוק: 15,000-25,000₪
A26: ניתוח ROI — מודל חודשי מול מודל הקמה+חודשי
A27: מדד | B27: ערך | C27: הערה
A28: חיסכון שנתי משוער | B28: 174000 | C28: אוטומציה, חיסכון בזמן, הפחתת טעויות
A29: עלות שנה 1 — הקמה+חודשי | B29: =D11 -> 105400 | C29: תשלום גדול מראש, חודשי נמוך
A30: עלות שנה 1 — חודשי 12 | B30: =E11 -> 105396 | C30: ללא תשלום מראש, יקר יותר שנתית
A31: עלות שנה 1 — חודשי 18 | B31: =F11 -> 87072 | C31: איזון בין חודשי סביר להתחייבות ארוכה
A32: עלות שנה 1 — חודשי 24 | B32: =G11 -> 77904 | C32: הכי זול חודשית, התחייבות ארוכה ביותר
A34: ROI שנה 1 (חודשי 12) | B34: =(B28-B30)/B30 -> 0.65091654 | C34: חיסכון נטו גם בשנה הראשונה!
A36: אסטרטגיית מכירה — מודל חודשי
A37: יתרון ללקוח | B37: אין חסם כניסה — ללא תשלום מראש, פחות סיכון
A38: יתרון לך | B38: הכנסה חודשית קבועה גבוהה יותר, תזרים מזומנים יציב
A39: התחייבות מינימלית | B39: 12 חודשים — סטנדרט בשוק SaaS
A40: אחרי תקופת ההתחייבות | B40: חודש בחודש במחיר חודשי רגיל (ללא הפריסה)
A41: דפי נחיתה | B41: בונוס בהתחייבות שנתית — מוטיבציה לחתום
A42: הנחה מקסימלית בפגישה 1 | B42: 15% — השאר 25% לפגישה שנייה
A43: רצפה | B43: 25% — מתחת לזה לא יורדים בשום מצב

Sheet השוואה רב-שנתית
A1: השוואה רב-שנתית: הקמה+חודשי מול חודשי בלבד
A3: שנה | B3: הקמה+חודשי (מצטבר) | C3: חודשי 12 (מצטבר) | D3: חודשי 18 (מצטבר) | E3: חודשי 24 (מצטבר)
A4: שנה 1 | B4: 105400 | C4: ='מחירון חודשי'!E10*12 -> 105396 | D4: ='מחירון חודשי'!F10*12 -> 87072 | E4: ='מחירון חודשי'!G10*12 -> 77904
A5: שנה 2 | B5: =B4+50400 -> 155800 | C5: =C4+'מחירון חודשי'!C10*12 -> 155796 | D5: =D4+'מחירון חודשי'!F10*6+'מחירון חודשי'!C10*6 -> 155808 | E5: =E4+'מחירון חודשי'!G10*12 -> 155808
A6: שנה 3 | B6: =B5+50400 -> 206200 | C6: =C5+'מחירון חודשי'!C10*12 -> 206196 | D6: =D5+'מחירון חודשי'!C10*12 -> 206208 | E6: =E5+'מחירון חודשי'!C10*12 -> 206208
A7: שנה 4 | B7: =B6+50400 -> 256600 | C7: =C6+'מחירון חודשי'!C10*12 -> 256596 | D7: =D6+'מחירון חודשי'!C10*12 -> 256608 | E7: =E6+'מחירון חודשי'!C10*12 -> 256608
A8: שנה 5 | B8: =B7+50400 -> 307000 | C8: =C7+'מחירון חודשי'!C10*12 -> 306996 | D8: =D7+'מחירון חודשי'!C10*12 -> 307008 | E8: =E7+'מחירון חודשי'!C10*12 -> 307008
A9: 💡 במודל הקמה+חודשי הלקוח משלם יותר בשנה 1, פחות משנה 2. במודל חודשי — תשלום אחיד ללא חסם כניסה.
A10: 💡 מודל 18 חודש = האיזון הטוב ביותר — חודשי סביר + התחייבות לא ארוכה מדי
